Date,Make,Year,Model,Transmission,Price,URL
2025-11-26,toyota,1986,Year 1986 Condition Used,Manual,,https://patpat.lk/en/ad/vehicle/toyota-axio-2015-207279
2025-11-26,toyota,1986,Year 1986 Condition Used,Manual,,https://patpat.lk/en/ad/vehicle/toyota-starlet-1986-207159
2025-11-26,toyota,1986,Year 1986 Condition Used,Manual,,https://patpat.lk/en/ad/vehicle/toyota-corolla-1997-207295
2025-11-26,toyota,1986,Year 1986 Condition Used,Manual,,https://patpat.lk/en/ad/vehicle/toyota-super-gl-2017-207307
2025-11-26,toyota,1991,Year 1991 Condition Used,Manual,,https://patpat.lk/en/ad/vehicle/toyota-premio-2013-207293
2025-11-26,toyota,1991,Year 1991 Condition Used,Manual,,https://patpat.lk/en/ad/vehicle/toyota-vios-2004-207312
2025-11-26,toyota,1991,Year 1991 Condition Used,Manual,,https://patpat.lk/en/ad/vehicle/toyota-lh113-1991-207304
2025-11-26,toyota,1991,Year 1991 Condition Used,Manual,,https://patpat.lk/en/ad/vehicle/toyota-premio-2019-207256
2025-11-26,toyota,2023,Year 2023 Condition Brand New,Automatic,,https://patpat.lk/en/ad/vehicle/toyota-hilux-2025-207282
2025-11-26,toyota,2023,Year 2023 Condition Brand New,Automatic,,https://patpat.lk/en/ad/vehicle/toyota-harrier-2023-207292
2025-11-26,toyota,2023,Year 2023 Condition Brand New,Automatic,,https://patpat.lk/en/ad/vehicle/toyota-raize-2024-207105
2025-11-26,toyota,2023,Year 2023 Condition Brand New,Automatic,,https://patpat.lk/en/ad/vehicle/toyota-harrier-2023-207292
2025-11-26,toyota,2004,Year 2004 Condition Used,Manual,,https://patpat.lk/en/ad/vehicle/toyota-aqua-2013-207221
2025-11-26,toyota,2004,Year 2004 Condition Used,Manual,,https://patpat.lk/en/ad/vehicle/toyota-vios-2004-207312
2025-11-26,toyota,2004,Year 2004 Condition Used,Manual,,https://patpat.lk/en/ad/vehicle/toyota-super-gl-2007-207275
2025-11-26,toyota,2004,Year 2004 Condition Used,Manual,,https://patpat.lk/en/ad/vehicle/toyota-hiace-2005-207281
2025-11-26,toyota,1991,Year 1991 Condition Used,Manual,,https://patpat.lk/en/ad/vehicle/toyota-axio-2015-207279
2025-11-26,toyota,1991,Year 1991 Condition Used,Manual,,https://patpat.lk/en/ad/vehicle/toyota-aqua-2015-207192
2025-11-26,toyota,1991,Year 1991 Condition Used,Manual,,https://patpat.lk/en/ad/vehicle/toyota-premio-2019-207256
2025-11-26,toyota,1991,Year 1991 Condition Used,Manual,,https://patpat.lk/en/ad/vehicle/toyota-lh113-1991-207304
2025-11-26,toyota,2007,Year 2007 Condition Used,Automatic,,https://patpat.lk/en/ad/vehicle/toyota-aqua-2015-207192
2025-11-26,toyota,2007,Year 2007 Condition Used,Automatic,,https://patpat.lk/en/ad/vehicle/toyota-super-gl-2007-207275
2025-11-26,toyota,2025,Year 2025 Condition Brand New,Automatic,,https://patpat.lk/en/ad/vehicle/toyota-super-gl-2017-207307
2025-11-26,toyota,2025,Year 2025 Condition Brand New,Automatic,,https://patpat.lk/en/ad/vehicle/toyota-corolla-1997-207295
2025-11-26,toyota,2025,Year 2025 Condition Brand New,Automatic,,https://patpat.lk/en/ad/vehicle/toyota-hiace-2005-207281
2025-11-26,toyota,1986,Year 1986 Condition Used,Manual,,https://patpat.lk/en/ad/vehicle/toyota-hilux-2025-207282
2025-11-26,toyota,1986,Year 1986 Condition Used,Manual,,https://patpat.lk/en/ad/vehicle/toyota-premio-2013-207293
2025-11-26,toyota,1986,Year 1986 Condition Used,Manual,,https://patpat.lk/en/ad/vehicle/toyota-starlet-1986-207159
2025-11-26,toyota,2004,Year 2004 Condition Used,Manual,,https://patpat.lk/en/ad/vehicle/toyota-raize-2024-207105
2025-11-26,toyota,2004,Year 2004 Condition Used,Manual,,https://patpat.lk/en/ad/vehicle/toyota-vios-2004-207312
2025-11-26,toyota,1991,Year 1991 Condition Used,Manual,,https://patpat.lk/en/ad/vehicle/toyota-aqua-2013-207221
2025-11-26,toyota,1991,Year 1991 Condition Used,Manual,,https://patpat.lk/en/ad/vehicle/toyota-super-gl-2017-207307
2025-11-26,toyota,1991,Year 1991 Condition Used,Manual,,https://patpat.lk/en/ad/vehicle/toyota-harrier-2023-207292
2025-11-26,toyota,1991,Year 1991 Condition Used,Manual,,https://patpat.lk/en/ad/vehicle/toyota-lh113-1991-207304
2025-11-26,toyota,2025,Year 2025 Condition Brand New,Automatic,,https://patpat.lk/en/ad/vehicle/toyota-corolla-1997-207295
2025-11-26,toyota,2025,Year 2025 Condition Brand New,Automatic,,https://patpat.lk/en/ad/vehicle/toyota-premio-2013-207293
2025-11-26,toyota,2025,Year 2025 Condition Brand New,Automatic,,https://patpat.lk/en/ad/vehicle/toyota-aqua-2015-207192
2025-11-26,toyota,2025,Year 2025 Condition Brand New,Automatic,,https://patpat.lk/en/ad/vehicle/toyota-hilux-2025-207282
2025-11-26,toyota,1986,Year 1986 Condition Used,Manual,,https://patpat.lk/en/ad/vehicle/toyota-premio-2019-207256
2025-11-26,toyota,1986,Year 1986 Condition Used,Manual,,https://patpat.lk/en/ad/vehicle/toyota-axio-2015-207279
2025-11-26,toyota,1986,Year 1986 Condition Used,Manual,,https://patpat.lk/en/ad/vehicle/toyota-starlet-1986-207159
2025-11-26,toyota,1986,Year 1986 Condition Used,Manual,,https://patpat.lk/en/ad/vehicle/toyota-hiace-2005-207281
2025-11-26,toyota,2004,Year 2004 Condition Used,Manual,,https://patpat.lk/en/ad/vehicle/toyota-super-gl-2007-207275
2025-11-26,toyota,2004,Year 2004 Condition Used,Manual,,https://patpat.lk/en/ad/vehicle/toyota-vios-2004-207312
2025-11-26,toyota,2004,Year 2004 Condition Used,Manual,,https://patpat.lk/en/ad/vehicle/toyota-aqua-2013-207221
2025-11-26,toyota,2004,Year 2004 Condition Used,Manual,,https://patpat.lk/en/ad/vehicle/toyota-raize-2024-207105
2025-11-26,toyota,1991,Year 1991 Condition Used,Manual,,https://patpat.lk/en/ad/vehicle/toyota-harrier-2023-207292
2025-11-26,toyota,1991,Year 1991 Condition Used,Manual,,https://patpat.lk/en/ad/vehicle/toyota-lh113-1991-207304
2025-11-26,toyota,1991,Year 1991 Condition Used,Manual,,https://patpat.lk/en/ad/vehicle/toyota-super-gl-2017-207307
2025-11-26,toyota,1991,Year 1991 Condition Used,Manual,,https://patpat.lk/en/ad/vehicle/toyota-corolla-1997-207295
2025-11-26,toyota,2013,Year 2013 Condition Used,Automatic,,https://patpat.lk/en/ad/vehicle/toyota-premio-2013-207293
2025-11-26,toyota,2015,Year 2015 Condition Used,Automatic,,https://patpat.lk/en/ad/vehicle/toyota-aqua-2015-207192
2025-11-26,toyota,2025,Year 2025 Condition Brand New,Automatic,,https://patpat.lk/en/ad/vehicle/toyota-hilux-2025-207282
2025-11-26,toyota,2007,Year 2007 Condition Used,Automatic,,https://patpat.lk/en/ad/vehicle/toyota-premio-2019-207256
2025-11-26,toyota,2007,Year 2007 Condition Used,Automatic,,https://patpat.lk/en/ad/vehicle/toyota-super-gl-2007-207275
2025-11-26,toyota,2007,Year 2007 Condition Used,Automatic,,https://patpat.lk/en/ad/vehicle/toyota-hiace-2005-207281
2025-11-26,toyota,2007,Year 2007 Condition Used,Automatic,,https://patpat.lk/en/ad/vehicle/toyota-axio-2015-207279
2025-11-26,toyota,1986,Year 1986 Condition Used,Manual,,https://patpat.lk/en/ad/vehicle/toyota-starlet-1986-207159
2025-11-26,toyota,2024,Year 2024 Condition Brand New,Automatic,,https://patpat.lk/en/ad/vehicle/toyota-raize-2024-207105
2025-11-26,toyota,2013,Year 2013 Condition Used,Manual,,https://patpat.lk/en/ad/vehicle/toyota-aqua-2013-207221
2025-11-27,toyota,2023,Year 2023 Condition Reconditioned,Automatic,,https://patpat.lk/en/ad/vehicle/toyota-voxy-2023-207837
2025-11-27,toyota,2022,Year 2022 Condition Reconditioned,Automatic,,https://patpat.lk/en/ad/vehicle/toyota-allion-2007-207834
2025-11-27,toyota,2022,Year 2022 Condition Reconditioned,Automatic,,https://patpat.lk/en/ad/vehicle/toyota-roomy-2024-207819
2025-11-27,toyota,2022,Year 2022 Condition Reconditioned,Automatic,,https://patpat.lk/en/ad/vehicle/toyota-roomy-2022-207797
2025-11-27,toyota,2022,Year 2022 Condition Reconditioned,Automatic,,https://patpat.lk/en/ad/vehicle/toyota-yaris-2022-207794
2025-11-27,toyota,2001,Year 2001 Condition Used,Automatic,,https://patpat.lk/en/ad/vehicle/toyota-yaris-cross-2023-207741
2025-11-27,toyota,2001,Year 2001 Condition Used,Automatic,,https://patpat.lk/en/ad/vehicle/toyota-premio-2013-207748
2025-11-27,toyota,2001,Year 2001 Condition Used,Automatic,,https://patpat.lk/en/ad/vehicle/toyota-aqua-2014-207806
2025-11-26,toyota,2001,Year 2001 Condition Used,Automatic,,https://patpat.lk/en/ad/vehicle/toyota-corolla-2001-207713
2025-11-27,toyota,2015,Year 2015 Condition Used,Automatic,,https://patpat.lk/en/ad/vehicle/toyota-fortuner-2010-207725
2025-11-26,toyota,2015,Year 2015 Condition Used,Automatic,,https://patpat.lk/en/ad/vehicle/toyota-camry-1991-207704
2025-11-26,toyota,2015,Year 2015 Condition Used,Automatic,,https://patpat.lk/en/ad/vehicle/toyota-chr-2018-207697
2025-11-26,toyota,2015,Year 2015 Condition Used,Automatic,,https://patpat.lk/en/ad/vehicle/toyota-vitz-2015-207686
2025-11-26,toyota,2007,Year 2007 Condition Used,Automatic,,https://patpat.lk/en/ad/vehicle/toyota-lotto-1992-207669
2025-11-27,toyota,2007,Year 2007 Condition Used,Automatic,,https://patpat.lk/en/ad/vehicle/toyota-voxy-2023-207837
2025-11-27,toyota,2007,Year 2007 Condition Used,Automatic,,https://patpat.lk/en/ad/vehicle/toyota-allion-2007-207834
2025-11-26,toyota,2007,Year 2007 Condition Used,Automatic,,https://patpat.lk/en/ad/vehicle/toyota-premio-2015-207691
2025-11-27,toyota,2022,Year 2022 Condition Reconditioned,Automatic,,https://patpat.lk/en/ad/vehicle/toyota-roomy-2024-207819
2025-11-27,toyota,2022,Year 2022 Condition Reconditioned,Automatic,,https://patpat.lk/en/ad/vehicle/toyota-roomy-2022-207797
2025-11-27,toyota,2022,Year 2022 Condition Reconditioned,Automatic,,https://patpat.lk/en/ad/vehicle/toyota-aqua-2014-207806
2025-11-27,toyota,2022,Year 2022 Condition Reconditioned,Automatic,,https://patpat.lk/en/ad/vehicle/toyota-yaris-2022-207794
2025-11-27,toyota,2010,Year 2010 Condition Reconditioned,Automatic,,https://patpat.lk/en/ad/vehicle/toyota-premio-2013-207748
2025-11-27,toyota,2010,Year 2010 Condition Reconditioned,Automatic,,https://patpat.lk/en/ad/vehicle/toyota-yaris-cross-2023-207741
2025-11-27,toyota,2010,Year 2010 Condition Reconditioned,Automatic,,https://patpat.lk/en/ad/vehicle/toyota-fortuner-2010-207725
2025-11-26,toyota,2010,Year 2010 Condition Reconditioned,Automatic,,https://patpat.lk/en/ad/vehicle/toyota-corolla-2001-207713
2025-11-26,toyota,2015,Year 2015 Condition Used,Automatic,,https://patpat.lk/en/ad/vehicle/toyota-chr-2018-207697
2025-11-26,toyota,2015,Year 2015 Condition Used,Automatic,,https://patpat.lk/en/ad/vehicle/toyota-camry-1991-207704
2025-11-26,toyota,2015,Year 2015 Condition Used,Automatic,,https://patpat.lk/en/ad/vehicle/toyota-premio-2015-207691
2025-11-26,toyota,2015,Year 2015 Condition Used,Automatic,,https://patpat.lk/en/ad/vehicle/toyota-vitz-2015-207686
2025-11-26,toyota,1992,Year 1992 Condition Used,Automatic,,https://patpat.lk/en/ad/vehicle/toyota-lotto-1992-207669
2025-11-27,toyota,2007,Year 2007 Condition Used,Automatic,,https://patpat.lk/en/ad/vehicle/toyota-allion-2007-207834
2025-11-27,toyota,2023,Year 2023 Condition Reconditioned,Automatic,,https://patpat.lk/en/ad/vehicle/toyota-voxy-2023-207837
2025-11-27,toyota,2024,Year 2024 Condition Reconditioned,Automatic,,https://patpat.lk/en/ad/vehicle/toyota-roomy-2024-207819
2025-11-27,toyota,2014,Year 2014 Condition Used,Automatic,,https://patpat.lk/en/ad/vehicle/toyota-aqua-2014-207806
2025-11-27,toyota,2023,Year 2023 Condition Brand New,Automatic,,https://patpat.lk/en/ad/vehicle/toyota-yaris-2022-207794
2025-11-27,toyota,2023,Year 2023 Condition Brand New,Automatic,,https://patpat.lk/en/ad/vehicle/toyota-yaris-cross-2023-207741
2025-11-27,toyota,2023,Year 2023 Condition Brand New,Automatic,,https://patpat.lk/en/ad/vehicle/toyota-roomy-2022-207797
2025-11-27,toyota,2023,Year 2023 Condition Brand New,Automatic,,https://patpat.lk/en/ad/vehicle/toyota-premio-2013-207748
2025-11-26,toyota,2018,Year 2018 Condition Used,Automatic,,https://patpat.lk/en/ad/vehicle/toyota-corolla-2001-207713
2025-11-27,toyota,2018,Year 2018 Condition Used,Automatic,,https://patpat.lk/en/ad/vehicle/toyota-fortuner-2010-207725
2025-11-26,toyota,2018,Year 2018 Condition Used,Automatic,,https://patpat.lk/en/ad/vehicle/toyota-chr-2018-207697
2025-11-26,toyota,2018,Year 2018 Condition Used,Automatic,,https://patpat.lk/en/ad/vehicle/toyota-camry-1991-207704
2025-11-26,toyota,2023,Year 2023 Condition Brand New,Automatic,,https://patpat.lk/en/ad/vehicle/toyota-premio-2015-207691
2025-11-26,toyota,2023,Year 2023 Condition Brand New,Automatic,,https://patpat.lk/en/ad/vehicle/toyota-lotto-1992-207669
2025-11-26,toyota,2023,Year 2023 Condition Brand New,Automatic,,https://patpat.lk/en/ad/vehicle/toyota-pixis-2023-206817
2025-11-26,toyota,2023,Year 2023 Condition Brand New,Automatic,,https://patpat.lk/en/ad/vehicle/toyota-vitz-2015-207686
2025-11-26,toyota,2025,Year 2025 Condition Brand New,Automatic,,https://patpat.lk/en/ad/vehicle/toyota-hiace-2012-206805
2025-11-26,toyota,2025,Year 2025 Condition Brand New,Automatic,,https://patpat.lk/en/ad/vehicle/toyota-corolla-1997-206854
2025-11-26,toyota,2025,Year 2025 Condition Brand New,Automatic,,https://patpat.lk/en/ad/vehicle/toyota-raize-2025-206807
2025-11-26,toyota,2022,Year 2022 Condition Brand New,Automatic,,https://patpat.lk/en/ad/vehicle/toyota-raize-2022-206794
2025-11-26,toyota,2018,Year 2018 Condition Used,Automatic,,https://patpat.lk/en/ad/vehicle/toyota-chr-2018-206868
2025-11-26,toyota,2023,Year 2023 Condition Reconditioned,Automatic,,https://patpat.lk/en/ad/vehicle/toyota-roomy-2023-206716
2025-11-26,toyota,2015,Year 2015 Condition Used,Manual,,https://patpat.lk/en/ad/vehicle/toyota-premio-2018-206789
2025-11-26,toyota,2015,Year 2015 Condition Used,Manual,,https://patpat.lk/en/ad/vehicle/toyota-land-cruiser-prado-2015-206779
2025-11-26,toyota,2015,Year 2015 Condition Used,Manual,,https://patpat.lk/en/ad/vehicle/toyota-allion-2015-206780
2025-11-26,toyota,2015,Year 2015 Condition Used,Manual,,https://patpat.lk/en/ad/vehicle/toyota-vios-2007-206786
2025-11-26,toyota,2020,Year 2020 Condition Used,Automatic,,https://patpat.lk/en/ad/vehicle/toyota-premio-2010-206819
2025-11-26,toyota,2020,Year 2020 Condition Used,Automatic,,https://patpat.lk/en/ad/vehicle/toyota-harrier-2017-206797
2025-11-26,toyota,2020,Year 2020 Condition Used,Automatic,,https://patpat.lk/en/ad/vehicle/toyota-vitz-2020-206754
2025-11-26,toyota,2020,Year 2020 Condition Used,Automatic,,https://patpat.lk/en/ad/vehicle/toyota-vitz-2020-206749
2025-11-25,toyota,2023,Year 2023 Condition Used,Automatic,,https://patpat.lk/en/ad/vehicle/toyota-hilux-2025-198559
2025-11-25,toyota,2023,Year 2023 Condition Used,Automatic,,https://patpat.lk/en/ad/vehicle/toyota-raize-2023-206451
2025-11-25,toyota,2007,Year 2007 Condition Used,Automatic,,https://patpat.lk/en/ad/vehicle/toyota-axio-2007-202401
2025-11-25,toyota,2005,Year 2005 Condition Used,Automatic,,https://patpat.lk/en/ad/vehicle/toyota-raize-2005-206323
2025-11-25,toyota,2025,Year 2025 Condition Brand New,Automatic,,https://patpat.lk/en/ad/vehicle/toyota-premio-2011-206423
2025-11-25,toyota,2025,Year 2025 Condition Brand New,Automatic,,https://patpat.lk/en/ad/vehicle/toyota-raize-2025-206429
2025-11-25,toyota,2025,Year 2025 Condition Brand New,Automatic,,https://patpat.lk/en/ad/vehicle/toyota-raize-2023-206376
2025-11-25,toyota,2025,Year 2025 Condition Brand New,Automatic,,https://patpat.lk/en/ad/vehicle/toyota-aqua-2014-206420
2025-11-25,toyota,2015,Year 2015 Condition Used,Automatic,,https://patpat.lk/en/ad/vehicle/toyota-raize-2023-206450
2025-11-25,toyota,2015,Year 2015 Condition Used,Automatic,,https://patpat.lk/en/ad/vehicle/toyota-land-cruiser-prado-2015-206403
2025-11-25,toyota,2015,Year 2015 Condition Used,Automatic,,https://patpat.lk/en/ad/vehicle/toyota-yaris-2024-206382
2025-11-25,toyota,2015,Year 2015 Condition Used,Automatic,,https://patpat.lk/en/ad/vehicle/toyota-land-cruiser-2014-206373
2025-11-25,toyota,2023,Year 2023 Condition Used,Automatic,,https://patpat.lk/en/ad/vehicle/toyota-axio-2015-206395
2025-11-25,toyota,2023,Year 2023 Condition Used,Automatic,,https://patpat.lk/en/ad/vehicle/toyota-passo-2018-206387
2025-11-25,toyota,2023,Year 2023 Condition Used,Automatic,,https://patpat.lk/en/ad/vehicle/toyota-hiace-2007-206386
2025-11-25,toyota,2023,Year 2023 Condition Used,Automatic,,https://patpat.lk/en/ad/vehicle/toyota-raize-2023-206451
2025-11-25,toyota,,,,,https://patpat.lk/en/ad/vehicle/toyota-hilux-2025-198559
2025-11-25,toyota,,,,,https://patpat.lk/en/ad/vehicle/toyota-axio-2007-202401
2025-11-25,toyota,,,,,https://patpat.lk/en/ad/vehicle/toyota-raize-2005-206323
2025-11-25,toyota,,,,,https://patpat.lk/en/ad/vehicle/toyota-aqua-2014-206420
2025-11-25,toyota,,,,,https://patpat.lk/en/ad/vehicle/toyota-raize-2023-206450
2025-11-25,toyota,,,,,https://patpat.lk/en/ad/vehicle/toyota-premio-2011-206423
2025-11-25,toyota,,,,,https://patpat.lk/en/ad/vehicle/toyota-raize-2025-206429
2025-11-25,toyota,,,,,https://patpat.lk/en/ad/vehicle/toyota-land-cruiser-2014-206373
2025-11-25,toyota,,,,,https://patpat.lk/en/ad/vehicle/toyota-raize-2023-206376
2025-11-25,toyota,,,,,https://patpat.lk/en/ad/vehicle/toyota-yaris-2024-206382
2025-11-25,toyota,,,,,https://patpat.lk/en/ad/vehicle/toyota-axio-2015-206395
2025-11-25,toyota,,,,,https://patpat.lk/en/ad/vehicle/toyota-land-cruiser-prado-2015-206403
2025-11-25,toyota,,,,,https://patpat.lk/en/ad/vehicle/toyota-passo-2018-206387
2025-11-25,toyota,,,,,https://patpat.lk/en/ad/vehicle/toyota-hiace-2007-206386
2025-11-25,toyota,,,,,https://patpat.lk/en/ad/vehicle/toyota-vitz-2007-206628
2025-11-25,toyota,,,,,https://patpat.lk/en/ad/vehicle/toyota-aqua-2012-206665
2025-11-25,toyota,,,,,https://patpat.lk/en/ad/vehicle/toyota-roomy-2023-206567
2025-11-25,toyota,,,,,https://patpat.lk/en/ad/vehicle/toyota-rocco-b5-2024-206551
2025-11-25,toyota,,,,,https://patpat.lk/en/ad/vehicle/toyota-hiace-1990-206561
2025-11-25,toyota,,,,,https://patpat.lk/en/ad/vehicle/toyota-hilux-2011-206527
2025-11-25,toyota,,,,,https://patpat.lk/en/ad/vehicle/toyota-aqua-2016-206648
2025-11-25,toyota,,,,,https://patpat.lk/en/ad/vehicle/toyota-sienta-2015-206702
2025-11-25,toyota,,,,,https://patpat.lk/en/ad/vehicle/toyota-corolla-2008-206565
2025-11-25,toyota,,,,,https://patpat.lk/en/ad/vehicle/toyota-vitz-2017-206664
2025-11-25,toyota,,,,,https://patpat.lk/en/ad/vehicle/toyota-raize-2025-206507
2025-11-25,toyota,,,,,https://patpat.lk/en/ad/vehicle/toyota-aqua-2012-206534
2025-11-25,toyota,,,,,https://patpat.lk/en/ad/vehicle/toyota-chr-2018-206563
2025-11-25,toyota,,,,,https://patpat.lk/en/ad/vehicle/toyota-premio-2002-206580
2025-11-25,toyota,,,,,https://patpat.lk/en/ad/vehicle/toyota-vitz-2018-206555
2025-11-25,toyota,,,,,https://patpat.lk/en/ad/vehicle/toyota-alphard-2024-205697
2025-11-25,toyota,,,,,https://patpat.lk/en/ad/vehicle/toyota-vitz-2015-205779
2025-11-25,toyota,,,,,https://patpat.lk/en/ad/vehicle/toyota-marino-1995-205792
2025-11-25,toyota,,,,,https://patpat.lk/en/ad/vehicle/toyota-roomy-2022-205762
2025-11-25,toyota,,,,,https://patpat.lk/en/ad/vehicle/toyota-hilux-1991-205802
2025-11-25,toyota,,,,,https://patpat.lk/en/ad/vehicle/toyota-yaris-2023-205965
2025-11-25,toyota,,,,,https://patpat.lk/en/ad/vehicle/toyota-raize-2023-205684
2025-11-25,toyota,,,,,https://patpat.lk/en/ad/vehicle/toyota-aqua-2012-205807
2025-11-25,toyota,,,,,https://patpat.lk/en/ad/vehicle/toyota-raize-2023-205689
2025-11-25,toyota,,,,,https://patpat.lk/en/ad/vehicle/toyota-voxy-2024-205685
2025-11-25,toyota,,,,,https://patpat.lk/en/ad/vehicle/toyota-raize-2019-205646
2025-11-25,toyota,,,,,https://patpat.lk/en/ad/vehicle/toyota-premio-2014-205657
2025-11-25,toyota,,,,,https://patpat.lk/en/ad/vehicle/toyota-crown-2025-205658
2025-11-25,toyota,,,,,https://patpat.lk/en/ad/vehicle/toyota-land-cruiser-1998-205723
2025-11-25,toyota,,,,,https://patpat.lk/en/ad/vehicle/toyota-land-cruiser-prado-2015-205725
2025-11-25,toyota,,,,,https://patpat.lk/en/ad/vehicle/toyota-raize-2024-205939
2025-11-25,toyota,,,,,https://patpat.lk/en/ad/vehicle/toyota-aqua-2015-205925
2025-11-25,toyota,,,,,https://patpat.lk/en/ad/vehicle/toyota-allion-2012-205917
2025-11-25,toyota,,,,,https://patpat.lk/en/ad/vehicle/toyota-vios-2004-205959
2025-11-25,toyota,,,,,https://patpat.lk/en/ad/vehicle/toyota-roomy-2023-205967
2025-11-25,toyota,,,,,https://patpat.lk/en/ad/vehicle/toyota-aqua-2013-205913
2025-11-25,toyota,,,,,https://patpat.lk/en/ad/vehicle/toyota-hiace-2007-205949
2025-11-25,toyota,,,,,https://patpat.lk/en/ad/vehicle/toyota-belta-2006-205906
2025-11-25,toyota,,,,,https://patpat.lk/en/ad/vehicle/toyota-prius-2013-205998
2025-11-25,toyota,,,,,https://patpat.lk/en/ad/vehicle/toyota-premio-2017-205994
2025-11-25,toyota,,,,,https://patpat.lk/en/ad/vehicle/toyota-hiace-2013-205902
2025-11-25,toyota,,,,,https://patpat.lk/en/ad/vehicle/toyota-hiace-2013-205941
2025-11-25,toyota,,,,,https://patpat.lk/en/ad/vehicle/toyota-vitz-2017-205840
2025-11-25,toyota,,,,,https://patpat.lk/en/ad/vehicle/toyota-premio-2014-205699
2025-11-25,toyota,,,,,https://patpat.lk/en/ad/vehicle/toyota-raize-2024-205935
2025-11-25,toyota,,,,,https://patpat.lk/en/ad/vehicle/toyota-raize-2024-205939
2025-11-25,toyota,,,,,https://patpat.lk/en/ad/vehicle/toyota-aqua-2015-205925
2025-11-25,toyota,,,,,https://patpat.lk/en/ad/vehicle/toyota-allion-2012-205917
2025-11-25,toyota,,,,,https://patpat.lk/en/ad/vehicle/toyota-vios-2004-205959
2025-11-25,toyota,,,,,https://patpat.lk/en/ad/vehicle/toyota-aqua-2013-205913
2025-11-25,toyota,,,,,https://patpat.lk/en/ad/vehicle/toyota-hiace-2007-205949
2025-11-25,toyota,,,,,https://patpat.lk/en/ad/vehicle/toyota-roomy-2023-205967
2025-11-25,toyota,,,,,https://patpat.lk/en/ad/vehicle/toyota-hiace-2013-205902
2025-11-25,toyota,,,,,https://patpat.lk/en/ad/vehicle/toyota-belta-2006-205906
2025-11-25,toyota,,,,,https://patpat.lk/en/ad/vehicle/toyota-premio-2017-205994
2025-11-25,toyota,,,,,https://patpat.lk/en/ad/vehicle/toyota-prius-2013-205998
2025-11-25,toyota,,,,,https://patpat.lk/en/ad/vehicle/toyota-hiace-2013-205941
2025-11-25,toyota,,,,,https://patpat.lk/en/ad/vehicle/toyota-vitz-2017-205840
2025-11-25,toyota,,,,,https://patpat.lk/en/ad/vehicle/toyota-premio-2014-205699
2025-11-25,toyota,,,,,https://patpat.lk/en/ad/vehicle/toyota-raize-2024-205935
2025-11-25,toyota,,,,,https://patpat.lk/en/ad/vehicle/toyota-prius-2013-205953
2025-11-25,toyota,,,,,https://patpat.lk/en/ad/vehicle/toyota-vitz-2018-205951
2025-11-25,toyota,,,,,https://patpat.lk/en/ad/vehicle/toyota-allion-2017-205744
2025-11-25,toyota,,,,,https://patpat.lk/en/ad/vehicle/toyota-prius-2014-205930
2025-11-25,toyota,,,,,https://patpat.lk/en/ad/vehicle/toyota-premio-2017-205755
2025-11-25,toyota,,,,,https://patpat.lk/en/ad/vehicle/toyota-voxy-2014-205936
2025-11-25,toyota,,,,,https://patpat.lk/en/ad/vehicle/toyota-corolla-2005-205923
2025-11-24,toyota,,,,,https://patpat.lk/en/ad/vehicle/toyota-raize-2025-205794
2025-11-25,toyota,,,,,https://patpat.lk/en/ad/vehicle/toyota-corolla-1985-205875
2025-11-24,toyota,,,,,https://patpat.lk/en/ad/vehicle/toyota-vitz-2018-205571
2025-11-24,toyota,,,,,https://patpat.lk/en/ad/vehicle/toyota-vitz-2019-205582
2025-11-24,toyota,,,,,https://patpat.lk/en/ad/vehicle/toyota-passo-2023-205535
2025-11-24,toyota,,,,,https://patpat.lk/en/ad/vehicle/toyota-roomy-2024-205721
2025-11-24,toyota,,,,,https://patpat.lk/en/ad/vehicle/toyota-raize-2025-205474
2025-11-24,toyota,,,,,https://patpat.lk/en/ad/vehicle/toyota-vitz-2018-205525
2025-11-24,toyota,,,,,https://patpat.lk/en/ad/vehicle/toyota-chr-2018-205130
2025-11-24,toyota,,,,,https://patpat.lk/en/ad/vehicle/toyota-raize-2024-205136
2025-11-24,toyota,,,,,https://patpat.lk/en/ad/vehicle/toyota-harrier-2014-205137
2025-11-24,toyota,,,,,https://patpat.lk/en/ad/vehicle/toyota-raize-2025-205147
2025-11-24,toyota,,,,,https://patpat.lk/en/ad/vehicle/toyota-vitz-2018-205118
2025-11-24,toyota,,,,,https://patpat.lk/en/ad/vehicle/toyota-premio-2014-205168
2025-11-24,toyota,,,,,https://patpat.lk/en/ad/vehicle/toyota-premio-2020-205123
2025-11-24,toyota,,,,,https://patpat.lk/en/ad/vehicle/toyota-hilux-2024-205108
2025-11-24,toyota,,,,,https://patpat.lk/en/ad/vehicle/toyota-premio-2019-205058
2025-11-24,toyota,,,,,https://patpat.lk/en/ad/vehicle/toyota-raize-2023-205085
2025-11-24,toyota,,,,,https://patpat.lk/en/ad/vehicle/toyota-prius-2011-205105
2025-11-24,toyota,,,,,https://patpat.lk/en/ad/vehicle/toyota-voxy-2024-204936
2025-11-24,toyota,,,,,https://patpat.lk/en/ad/vehicle/toyota-raize-2025-205029
2025-11-24,toyota,,,,,https://patpat.lk/en/ad/vehicle/toyota-passo-2023-205078
2025-11-24,toyota,,,,,https://patpat.lk/en/ad/vehicle/toyota-hiace-2015-205030
2025-11-24,toyota,,,,,https://patpat.lk/en/ad/vehicle/toyota-chr-2018-205130
2025-11-24,toyota,,,,,https://patpat.lk/en/ad/vehicle/toyota-premio-2014-205168
